date,region,product,units_sold,unit_price
2026-01-03,North,Laptop,12,950
2026-01-05,South,Tablet,20,420
2026-01-09,East,Phone,35,680
2026-01-10,West,Headphones,45,120
2026-01-18,North,Phone,30,690
2026-02-02,South,Laptop,10,980
2026-02-07,East,Tablet,22,430
2026-02-11,West,Phone,40,700
2026-02-15,North,Headphones,55,110
2026-02-22,South,Phone,28,710
2026-03-04,East,Laptop,14,960
2026-03-09,West,Tablet,26,415
2026-03-14,North,Phone,33,705
2026-03-20,South,Headphones,48,115
2026-03-25,East,Phone,38,695
2026-04-03,West,Laptop,11,990
2026-04-07,North,Tablet,24,425
2026-04-13,South,Phone,36,720
2026-04-19,East,Headphones,50,118
2026-04-27,West,Phone,41,710
